p_x,p_z,p_y,basal_vec_x,basal_vec_z,basal_vec_y,pca1_x,pca1_z,pca1_y,pca2_x,pca2_z,pca2_y,pca3_x,pca3_z,pca3_y,cpl_x,cpl_z,cpl_y,ori_x,ori_z,ori_y,file,DateTime,plant label,lamina no.,TimeDelta,TimeDelta(min),Duration,Duration(min),p_x2,p_y2,p_z2,basal_vec_x2,basal_vec_y2,basal_vec_z2,pca1_x2,pca1_y2,pca1_z2,pca2_x2,pca2_y2,pca2_z2,pca3_x2,pca3_y2,pca3_z2,bv_w_x2,bv_w_y2,bv_w_z2,Date
-0.5504956979578663,0.2123210643002553,-0.8073872999894712,-0.2474705912219635,-0.3609126792518769,-0.8991664720370104,-0.4047034884033741,-0.3337102550075176,-0.8513827295505575,-0.0434586951649941,-0.922963794592729,0.382425385775509,0.9134147077251912,-0.1917688701896328,-0.3590240550958884,-0.0175369977951049,0.0587820410728454,-0.0221295952796936,-0.0271037461044694,0.0494168774446514,-0.0618532740569851,20250702_1116_a_lamina001.txt,2025-07-02 11:16:00,a,1,0 days 00:00:00,0.0,0 days 00:00:00,0.0,0.9771999619598882,2.5901350538168414e-16,0.2123210643002553,0.882324109191065,0.3020698665796141,-0.360912679251877,0.9314195333763742,0.1452415868398418,-0.3337102550075176,-0.2914875010537717,-0.2513421385291735,-0.9229637945927291,-0.2179281752650752,0.9569388751910056,-0.1917688701896328,-0.3695121149159005,0.919554742853386,-0.1337156379269923,2025-07-02
-0.4700196916735899,0.2090174686238173,-0.8575506907752772,-0.1014544788126891,-0.258259902750741,-0.9607334757153118,-0.3073067723451151,-0.2331973211591269,-0.9225950124919572,-0.067861248432842,-0.9616704495241528,0.2656779958392299,0.949187757312516,-0.1442530967300903,-0.2797027805578906,-0.0113094747066497,0.045830100774765,-0.0397105813026428,-0.0170333042643666,0.0412869194805045,-0.0807499497774784,20250702_1127_a_lamina001.txt,2025-07-02 11:27:00,a,1,0 days 00:11:00,11.0,0 days 00:11:00,11.0,0.9779119069783798,-8.743193731685896e-17,0.2090174686238172,0.8912492550520834,0.3727956383868835,-0.2582599027507409,0.9567448948914836,0.173948887617285,-0.2331973211591268,-0.2003618366772431,-0.1872033143812776,-0.9616704495241528,-0.2109368163749646,0.966797136725887,-0.1442530967300902,-0.4068536589148829,0.908833500199228,-0.0921507956731333,2025-07-02
-0.3743541907802648,0.1818881731777047,-0.9092720342688048,0.0692309884694696,-0.1789360938157895,-0.9814218993712578,-0.2010815334023697,-0.1553916039837043,-0.9671709602422538,-0.0763661576089344,-0.9818462486986048,0.1736264780744135,0.976593276086109,-0.1087722084351004,-0.1855644895327552,-0.009475901722908,0.049300342798233,-0.0275550037622451,-0.0100884080078427,0.0511241182207479,-0.0687793524808559,20250702_1140_a_lamina001.txt,2025-07-02 11:40:00,a,1,0 days 00:13:00,13.0,0 days 00:24:00,24.0,0.983319222052573,7.818257674317715e-18,0.1818881731777047,0.8811610276906866,0.4376495374258268,-0.1789360938157895,0.97089246280578,0.1822670433136462,-0.1553916039837043,-0.1314788797854365,-0.1367159394029977,-0.9818462486986048,-0.2002027218528604,0.9736978365154446,-0.1087722084351004,-0.4541679727253563,0.8886909667055898,-0.0629270867466809,2025-07-02
-0.4880190837972877,0.2000376447688213,-0.8496012679633893,-0.2167245983498851,0.125643058940607,-0.9681137692493214,-0.4172866957541001,0.1186161005034762,-0.9010005739443092,-0.0077435425082427,-0.9918733714314464,-0.1269931202649936,0.9087419056564124,0.0460156032945934,-0.4148140705875182,-0.0162778496742248,0.0435265898704528,-0.0325259566307067,-0.0268008775172679,0.0533728358318224,-0.0701009296586672,20250702_1207_a_lamina001.txt,2025-07-02 12:07:00,a,1,0 days 00:27:00,27.0,0 days 00:51:00,51.0,0.9797882121536996,-1.6963173981752892e-16,0.2000376447688213,0.9474255908525532,0.2942763523250509,0.125643058940607,0.9891271286794292,0.0869352863441406,0.1186161005034762,0.1139761747842559,0.0565388948137901,-0.9918733714314464,-0.0929352187921088,0.9946082693007824,0.0460156032945934,-0.2989885974067222,0.9540465302255954,0.0200259028576322,2025-07-02
-0.4375163048965666,0.2227027822972792,-0.871196277371928,-0.225540851329547,0.2759138378676358,-0.9343462305027485,-0.4248697685673483,0.2561620539175984,-0.8682549636427341,0.0010465270343388,-0.9589884161130288,-0.2834433321533438,0.9052538784996694,0.1213351552261002,-0.4071771058981138,-0.0082696378231048,0.0408903807401657,-0.0525115728378295,-0.0228728356557436,0.0499362577140062,-0.0909306505755086,20250702_1218_a_lamina001.txt,2025-07-02 12:18:00,a,1,0 days 00:11:00,11.0,0 days 01:02:00,62.0,0.974886388640774,-4.7515819212578464e-17,0.2227027822972792,0.9361878146025894,0.2177703603863014,0.2759138378676358,0.9665823159710928,0.0099814119580563,0.2561620539175984,0.2528262842201517,0.1281408903061602,-0.9589884161130288,-0.0423968920958838,0.9917057444861695,0.1213351552261002,-0.2441950978153711,0.9675515399030508,0.0649058690272023,2025-07-02
-0.5761030605559458,0.1761650250624105,-0.7981673681395604,-0.6327045245524375,0.5238786090927394,-0.5702948251088474,-0.790845048673582,0.4292913751309826,-0.4362029621937819,-0.0720164837251938,-0.7730545843340797,-0.6302382372658152,0.6077645391599767,0.4670069858987262,-0.6422824457055075,-0.0189218670129776,0.041159838438034,-0.0380654782056808,-0.0488214154154208,0.0586437669365941,-0.0604782415186166,20250702_1241_a_lamina001.txt,2025-07-02 12:41:00,a,1,0 days 00:23:00,23.0,0 days 01:25:00,85.0,0.984360647295878,-2.2997409633700053e-16,0.1761650250624104,0.8327168857214692,-0.1792590058250747,0.5238786090927393,0.8165414022627628,-0.3859650937959424,0.4292913751309825,0.5531758236371881,0.3104563057555465,-0.7730545843340795,0.165095870736003,0.8687046843362293,0.4670069858987261,-0.0240644214070424,0.93353258703016,0.3576839562730202,2025-07-02
-0.6308383372809853,0.2019643241995975,-0.7491684750222486,-0.902895501794649,0.3921731193528407,-0.1760112419592906,-0.9686060217733884,0.2472021945175018,-0.0263334314144953,-0.1527891436371036,-0.6755117508578967,-0.721345515020049,0.1961067366792158,0.6946761471927984,-0.6920745612651852,-0.0402722209692001,0.0430284440517425,-0.0485618710517883,-0.0801457578875715,0.0537691051691747,-0.054832752963632,20250702_1305_a_lamina001.txt,2025-07-02 13:05:00,a,1,0 days 00:24:00,24.0,0 days 01:49:00,109.0,0.9793928791606564,2.5279199123776363e-16,0.2019643241995975,0.7162020326481962,-0.5772823337740859,0.3921731193528408,0.6440336685430473,-0.7239555986444999,0.2472021945175018,0.6501931781697865,0.3477538001436815,-0.6755117508578968,0.4030750114364038,0.5957814915528283,0.6946761471927985,0.2535813074579136,0.7387911759069501,0.6244070138218837,2025-07-02
-0.6917253350818363,0.1708587922763928,-0.701657561712103,-0.965388661849584,0.2510585821646195,-0.0706705022888666,-0.9874927640399684,0.0581221711201976,0.1465600702544109,-0.1418897815519338,-0.7329011841562737,-0.6653744390592989,-0.0687410420334743,0.677847820300845,-0.7319815582742134,-0.0150516927242279,0.0455794036388397,-0.0370934903621673,-0.0558001126566807,0.0501367938382016,-0.0367095839326722,20250702_1324_a_lamina001.txt,2025-07-02 13:24:00,a,1,0 days 00:19:00,19.0,0 days 02:08:00,128.0,0.9852955257697316,-1.4553347991740595e-16,0.1708587922763927,0.7280762666233169,-0.6378671792006102,0.2510585821646194,0.5888982202614564,-0.806114569646997,0.0581221711201975,0.5734459849324964,0.3660813524711837,-0.7329011841562736,0.5695248796476654,0.4649341286415803,0.6778478203008449,0.3755857456622275,0.677576493889454,0.6323175172204412,2025-07-02
-0.9338083143838825,-0.3556327794385699,-0.0390814300701728,0.3071236863877066,-0.2677059091128028,0.9132407062137088,0.3464306585866196,-0.2836723205270665,0.8941564814718004,-0.423370272477763,-0.8978643840420375,-0.1208187081991745,-0.8371041817918159,0.3367039685474495,0.4311461775210962,-0.0767621025443077,-0.0210137367248535,-0.0298225507140159,-0.0657187276860384,-0.042213029275057,0.0109072309434515,20250704_1011_a_lamina001.txt,2025-07-04 10:11:00,a,1,0 days 00:00:00,0.0,0 days 00:00:00,0.0,0.934625767988877,-2.0531120507610492e-16,-0.3556327794385699,-0.3450422786695872,-0.8995995621144929,-0.2677059091128028,-0.3835168637811061,-0.8788884057502944,-0.2836723205270665,0.4280520204993117,0.1030097840754432,-0.8978643840420377,0.8183436215563493,-0.4657726426298961,0.3367039685474495,0.835294734615846,-0.4243932283014704,0.3495326795807516,2025-07-04
-0.8132023552690443,-0.3728935164492264,-0.4468247472723612,-0.1338645888622639,-0.2851197509404829,0.9490979925552336,-0.0750791909329138,-0.3082438085315054,0.9483400601002004,-0.3509985417912778,-0.8819924586368302,-0.314466733643093,-0.9333612048661846,0.3564758861546625,0.0419738471073635,-0.0600637570023536,-0.0295845866203308,-0.0668616890907287,-0.0673143115265148,-0.047216572974248,-0.0218009340083446,20250704_1024_a_lamina001.txt,2025-07-04 10:24:00,a,1,0 days 00:13:00,13.0,0 days 00:13:00,13.0,0.9278741430765975,-1.529201402695796e-16,-0.3728935164492264,-0.3397243840259276,-0.8962667407205522,-0.2851197509404829,-0.390879771238811,-0.8672939288028527,-0.3082438085315054,0.4590540245619763,0.1065772275920698,-0.8819924586368302,0.7977984751613326,-0.4862535713190194,0.3564758861546625,0.8208877788295165,-0.4305197138772476,0.3752279714139078,2025-07-04
-0.4561908081086712,-0.3418663288759602,-0.8215944010142907,-0.6801917796209483,-0.2559411931171571,0.68690119275035,-0.605415440649464,-0.2963715142455322,0.738671828193702,-0.1460800467553814,-0.8709427647165146,-0.4691687548504265,-0.7823891385769367,0.3919472236561502,-0.4839882330233604,-0.0108356177806854,-0.0172700583934783,-0.065250813961029,-0.0404191902560483,-0.0434828759331778,-0.0423611932456564,20250704_1036_a_lamina001.txt,2025-07-04 10:36:00,a,1,0 days 00:12:00,12.0,0 days 00:25:00,25.0,0.9397485904117512,-2.5786317473071088e-16,-0.3418663288759601,-0.2703456424321478,-0.9281203258649792,-0.255941193117157,-0.3519065444670597,-0.8878770801778046,-0.2963715142455321,0.4810933491219771,0.1000394423142858,-0.8709427647165143,0.8029389599414469,-0.4490728231327108,0.3919472236561501,0.8339438968231304,-0.3585871870239248,0.4194672886575542,2025-07-04
0.0623311202441873,-0.3761989768389316,-0.9244399176119809,-0.9580086632832834,-0.2385414592229658,0.1591143403529514,-0.9426902651732264,-0.2632515548550073,0.205021176501486,0.1292184476372459,-0.854525029232848,-0.5030800803101042,-0.307632340201502,0.4477561761506163,-0.8395693836611275,0.0287853479385375,-0.017434187233448,-0.081134095788002,-0.0133172209124964,-0.0389184375363415,-0.0782295545337512,20250704_1054_a_lamina001.txt,2025-07-04 10:54:00,a,1,0 days 00:18:00,18.0,0 days 00:43:00,43.0,0.9265388981717612,9.057134719634747e-17,-0.3761989768389316,-0.2232020709340073,-0.94513428028114,-0.2385414592229658,-0.2679743940326773,-0.9267622904549152,-0.2632515548550073,0.5106333252981666,0.095081972579124,-0.854525029232848,0.8169720504630229,-0.3634158437399532,0.4477561761506163,0.8303218909710303,-0.3125389747342149,0.461394567205097,2025-07-04
-0.6983736440936873,-0.352762634100186,-0.622762215631297,-0.489474069268293,-0.1973375065514666,0.849395693432683,-0.4810526074473853,-0.2028740153959209,0.852895376201095,-0.3760641081084596,-0.8310535818254502,-0.4097874213878201,-0.7919369769499722,0.5178726465186452,-0.3234868568073729,-0.046950563788414,-0.0239567756652832,-0.0614304840564727,-0.073141112617576,-0.0395578457024687,-0.0289328069120695,20250704_1107_a_lamina001.txt,2025-07-04 11:07:00,a,1,0 days 00:13:00,13.0,0 days 00:56:00,56.0,0.9357128426941131,-1.0490742704944745e-17,-0.352762634100186,-0.199992717858561,-0.9597191366809332,-0.1973375065514666,-0.2086073235447642,-0.9567262505234324,-0.2028740153959209,0.5534105768847966,0.0555578754734799,-0.8310535818254502,0.806362026608103,-0.2856364893220887,0.5178726465186452,0.8085416787003518,-0.2754133278570182,0.5200075505635855,2025-07-04
-0.5778793309686509,-0.3138429991977158,-0.7533644872794358,-0.6414250571445232,-0.1666310735046587,0.7488711380536909,-0.6384066149210481,-0.1691844953614101,0.7508752230260056,-0.3560597082406352,-0.7999729501195129,-0.4829749095394886,-0.682391733678422,0.5756907899266659,-0.4504682410569798,-0.0410951972007751,-0.0174108147621154,-0.0840985476970672,-0.0767049089241304,-0.0322328928302427,-0.0523939703013024,20250704_1117_a_lamina001.txt,2025-07-04 11:17:00,a,1,0 days 00:10:00,10.0,0 days 01:06:00,66.0,0.9494748926931046,-2.2240226358284137e-16,-0.3138429991977157,-0.2038038494310426,-0.9647269439068102,-0.1666310735046586,-0.2072311141700518,-0.9635516965109572,-0.16918449536141,0.5999270707004938,0.0114362982563481,-0.7999729501195127,0.7727501375998348,-0.2672776444692821,0.5756907899266658,0.7736611020322874,-0.2630040584903927,0.576435047875967,2025-07-04
-0.6486030277745912,-0.2884815127165677,-0.7043383627081473,-0.6962296022446601,0.0396452306127721,0.7167235147864919,-0.6695132798605888,8.761666871376013e-05,0.7428000810538704,-0.5404514878663159,-0.6860731583932792,-0.4870480577883007,-0.5095725241350857,0.727532551612359,-0.4593824430591657,-0.0461796820163726,-0.0159007906913757,-0.0642895102500915,-0.086458785437342,-0.0267615268836876,-0.0391915437398224,20250704_1137_a_lamina001.txt,2025-07-04 11:37:00,a,1,0 days 00:20:00,20.0,0 days 01:26:00,86.0,0.9574854655924344,1.6249876114802519e-16,-0.2884815127165677,-0.0556031822833143,-0.9976655460672323,0.0396452306127721,-0.0928831357257833,-0.9956770136048464,8.761666871376013e-05,0.7243818605110851,-0.0676353568392263,-0.6860731583932792,0.6831131994481183,-0.0636611583633652,0.727532551612359,0.68715297152997,-0.0094295649741598,0.726451565503118,2025-07-04
-0.7039950188599372,-0.3010304590914464,-0.6432508656189977,-0.6514759655576213,0.034330042860162,0.7578921522604549,-0.6289768403712678,-0.0024522260016103,0.7774201700909322,-0.6032768109339479,-0.6291969254861698,-0.4900697076417977,-0.49035214251183,0.7772420572423939,-0.3942709230816661,-0.0451342463493347,-0.0149955973029136,-0.0653948485851287,-0.0854511050704372,-0.0277344050929902,-0.0429274237028528,20250704_1153_a_lamina001.txt,2025-07-04 11:53:00,a,1,0 days 00:16:00,16.0,0 days 01:42:00,102.0,0.9536145252140368,-1.1144782345889474e-16,-0.3010304590914463,-0.0302836707750101,-0.9989516241748696,0.0343300428601619,-0.0600658161621122,-0.9981914066532612,-0.0024522260016102,0.7759336859716607,-0.0451458074817981,-0.6291969254861697,0.627948256389976,-0.0396959916162833,0.7772420572423938,0.6300871481460504,0.0075834441519788,0.7764873966240345,2025-07-04
-0.6829436817841397,-0.3139210271508325,-0.6595767705306865,-0.6794540224621586,-0.004643486569338,0.7337033933358036,-0.6462062492663084,-0.0513305348073268,0.7614346062568759,-0.5362328638330844,-0.6793890690733738,-0.5008840270651316,-0.5430209932908105,0.7319806479819043,-0.411500342436617,-0.0497088134288787,-0.0148181915283203,-0.0736975371837616,-0.0876911658607811,-0.0250031165522012,-0.0442628540602998,20250704_1210_a_lamina001.txt,2025-07-04 12:10:00,a,1,0 days 00:17:00,17.0,0 days 01:59:00,119.0,0.9494490974836756,-1.8914977870232176e-16,-0.3139210271508325,-0.0209646657764374,-0.999769433830302,-0.004643486569338,-0.0641446746969078,-0.9966196049167514,-0.0513305348073268,0.7336763151895261,-0.0122293643961459,-0.6793890690733738,0.6764647257898574,-0.0812391884624939,0.7319806479819043,0.6791756380486578,-0.0176499808811122,0.7337635387889582,2025-07-04
-0.4145359062947121,-0.3018706765674109,-0.8585068881617405,-0.4704217466021243,0.6904375809853648,-0.5495446543156294,-0.2851902315417518,0.687530917978645,-0.6678081825319332,0.3810916443567467,0.7206407489549631,0.5791770623454462,-0.8794519261646044,0.0893204778820156,0.4675319901314727,0.0160113349556922,0.0119452476501464,-0.0408088788390159,-0.0019076393800398,0.0424925988836604,-0.074758193656398,20250704_1011_a_lamina003.txt,2025-07-04 10:11:00,a,3,0 days 00:00:00,0.0,0 days 00:00:00,0.0,0.9533488840024588,-8.748268342166286e-17,-0.3018706765674109,0.6994234611692939,-0.1846693497282185,0.6904375809853648,0.7253792681538533,0.0335582203941419,0.687530917978645,-0.6872653638748305,0.0913412861942871,0.7206407489549631,-0.0386165372680782,-0.9952540455985854,0.0893204778820156,-0.1961457151812449,-0.978546882222477,-0.0630306092998291,2025-07-04
0.0092819335460636,-0.2773917163379232,-0.9607120699859806,-0.1064402627505302,0.7150542340255163,-0.6909181665492524,0.0973129832608088,0.7054690371501592,-0.7020282194551077,0.0716829671640857,0.6985759048682157,0.7119362733813374,-0.9926689959434788,0.1196041084577827,-0.0174103915115309,0.0302682742476463,0.0070365071296691,-0.0317054390907287,0.0306316415844197,0.0400956047851815,-0.0695078740817709,20250704_1024_a_lamina003.txt,2025-07-04 10:24:00,a,3,0 days 00:00:00,0.0,0 days 00:13:00,13.0,0.9607569077072,-9.404314807483394e-17,-0.2773917163379232,0.6898575958331439,-0.1131102995906957,0.7150542340255163,0.7029356033013341,0.0905261024998687,0.7054690371501592,-0.7112105142094177,0.0785576833640683,0.6985759048682157,0.0078193407244421,-0.992790871810702,0.1196041084577827,-0.1351891339911982,-0.9904719837082592,-0.0262516197545224,2025-07-04
0.4781558674565938,-0.2984869420586857,-0.8259978885186615,0.2536805835111919,0.715041071036965,-0.6514310618014244,0.4487635568508798,0.7046527247995246,-0.5496142351460275,-0.3015901320207378,0.6983588257828847,0.6491058024073307,-0.8412221242396454,0.1255367989226907,-0.5259142989175926,0.0489788353443145,0.0086088478565216,-0.000797688961029,0.068256320452183,0.0412568670243721,-0.0315291663509456,20250704_1036_a_lamina003.txt,2025-07-04 10:36:00,a,3,0 days 00:00:00,0.0,0 days 00:25:00,25.0,0.9544137181644314,5.1478311921742704e-17,-0.2984869420586857,0.6908739139848927,-0.106815269065359,0.715041071036965,0.70049194894763,0.1130290533100074,0.7046527247995246,-0.7128639294025465,0.0641869816077365,0.6983588257828847,0.0337053054623795,-0.9915162452022316,0.1255367989226907,-0.1204917139555929,-0.9922048829181316,-0.0317996412159088,2025-07-04
0.8724933605685655,-0.292860621859739,-0.3911367943925731,0.6390374472580674,0.7224728221326818,-0.2639396944029663,0.7190329493764894,0.6909646962796575,-0.07456142572475,-0.6212337107441,0.6871227696079147,0.3767372773186433,-0.3115450117496065,0.2245664444691354,-0.9233144738779028,0.0351330041885376,0.0147923752665519,0.0099303573369979,0.0729697023310918,0.0435323202359617,0.0012136747940541,20250704_1054_a_lamina003.txt,2025-07-04 10:54:00,a,3,0 days 00:00:00,0.0,0 days 00:43:00,43.0,0.9561551423089908,-1.8932348089983986e-17,-0.292860621859739,0.6910933452424384,0.0205671933246729,0.7224728221326818,0.6866199451889573,0.2260991803697522,0.6909646962796575,-0.7209897938732421,0.0896438320073849,0.6871227696079147,0.0934171718654162,-0.9699706923506288,0.2245664444691354,-0.0506330454568527,-0.9957615045490448,0.0767809922180419,2025-07-04
0.2344406973631644,-0.2888202604803041,-0.9282351084482652,0.5171614800055858,0.6321209589987019,-0.5770330118745319,0.6511094272194974,0.5680136017216658,-0.5034054648542057,-0.05781272949061,0.6984523102956829,0.7133176421142748,-0.7567788330118276,0.4353445974188769,-0.4876073004000785,0.029221311211586,0.0133967399597167,-0.0113816559314727,0.0585755952641163,0.0338896631014,-0.0421672942433957,20250704_1107_a_lamina003.txt,2025-07-04 11:07:00,a,3,0 days 00:00:00,0.0,0 days 00:56:00,56.0,0.9573833386559896,-9.472075155175511e-17,-0.2888202604803041,0.6861055251907704,0.3601142894932922,0.6321209589987019,0.6475203290144327,0.5080137515581853,0.5680136017216658,-0.7057571489104836,0.1186221606799023,0.6984523102956829,0.2874443777059941,-0.853141729857009,0.4353445974188769,0.1765391034996003,-0.925335874965611,0.3355405540872588,2025-07-04
0.3752119776244202,-0.3083639585964625,-0.8741439474628254,0.7693743265242586,0.5130266388974879,-0.3806137326304587,0.8782800365238113,0.4043270185378195,-0.2552329123057026,-0.1162050757708414,0.6982886403930347,0.706321000015673,-0.463810907384492,0.5906882737776035,-0.6602778244139428,0.0289731621742248,0.0126184821128845,-0.0201337039470672,0.0707465029087536,0.0325251105307177,-0.0386649578277503,20250704_1117_a_lamina003.txt,2025-07-04 11:17:00,a,3,0 days 00:00:00,0.0,0 days 01:06:00,66.0,0.9512684526666064,-2.052845219529638e-17,-0.3083639585964625,0.6532221809173707,0.5568702273771698,0.5130266388974879,0.5809627065296747,0.7064007330842975,0.4043270185378195,-0.6948908707805493,0.1718128412078016,0.6982886403930347,0.4238030336460148,-0.6866428124535129,0.5906882737776035,0.3007115895062978,-0.8126351564244576,0.4991959960572542,2025-07-04
0.2785376114210997,-0.3223328044176654,-0.9047200463237628,0.9240972226568196,0.2520596916688526,-0.2872459484723074,0.987795518155538,0.0976623616132466,-0.1213345681821778,0.0108238486753238,0.7340783068769536,0.6789785590668669,-0.1553797239400489,0.672005284575046,-0.7240621788848839,0.0268183648586273,0.0036304593086242,-0.0152172446250915,0.0710593852992805,0.0125623771591078,-0.0255944146489381,20250704_1137_a_lamina003.txt,2025-07-04 11:37:00,a,3,0 days 00:00:00,0.0,0 days 01:26:00,86.0,0.9466264116303976,5.67153035934766e-17,-0.3223328044176654,0.5464383779837391,0.7986682733790691,0.2520596916688526,0.4066144950287425,0.9083648581691413,0.0976623616132466,-0.6457359069483422,0.2101289552876215,0.7340783068769536,0.6462892470946139,-0.3615509737133736,0.672005284575046,0.5333200141979509,-0.563892552927798,0.6305513073560852,2025-07-04
0.2380591913900619,-0.3021459875564663,-0.923057757455208,0.9410700705641056,0.205986462863343,-0.2682474592713187,0.9983195256313604,-0.0060834563106615,-0.0576291272057069,0.0448926462092264,0.7100389037247143,0.7027299662841617,-0.0366438952556698,0.7041361706067386,-0.7091188039981521,0.0293286442756652,0.0016059651970863,-0.0241350829601287,0.0746799863050106,0.0056418308042627,-0.032389854491825,20250704_1153_a_lamina003.txt,2025-07-04 11:53:00,a,3,0 days 00:00:00,0.0,0 days 01:42:00,102.0,0.9532616651284828,-1.0136388280767284e-16,-0.3021459875564662,0.4947626611779796,0.8442626879242812,0.2059864628633429,0.3051147052096243,0.9522961767350324,-0.0060834563106614,-0.6692530110637734,0.2189638380634539,0.7100389037247142,0.6774993902926533,-0.2125719393437458,0.7041361706067385,0.5543557668917645,-0.4891577980564033,0.6733604772441387,2025-07-04
0.2651049526638307,-0.3073576045408302,-0.9139204927147824,0.9826852598802353,0.1417459878534303,-0.1193220639344191,0.9988747129684076,0.0440286739589432,-0.0176290573116727,-0.0194543341566733,0.7193756598833182,0.6943487516010677,-0.0432531695347481,0.6932244483836802,-0.7194227043180808,0.0279279053211212,0.0076427459716796,-0.0202307403087615,0.0749602450764838,0.0136316507900734,-0.0264255065984461,20250704_1210_a_lamina003.txt,2025-07-04 12:10:00,a,3,0 days 00:00:00,0.0,0 days 01:59:00,119.0,0.9515940851702066,-7.21022504062055e-18,-0.3073576045408302,0.3883647602754705,0.9105387898950992,0.1417459878534303,0.2952080037285244,0.9544179956413418,0.0440286739589432,-0.6722792874447371,0.1747547413955832,0.7193756598833182,0.6788908558873186,-0.2419650180412994,0.6932244483836802,0.6302486593789572,-0.3746730474108478,0.680004952110568,2025-07-04
-0.1333586123697665,-0.733579702590593,-0.6663905014733534,-0.1353797140193015,-0.5832585852257481,0.8009255619547369,-0.1457529790544774,-0.4853800887644524,0.8620685811046344,0.9859817821560244,0.0002652959200626,0.1668527940266665,0.0812157272526416,-0.8743032077312123,-0.4785372572723436,-0.0111893415451049,-0.0122628808021545,-0.0685163140296936,-0.0219960584636351,-0.0415953603506877,-0.0312486199331441,20250702_1116_a_lamina002.txt,2025-07-02 11:16:00,a,2,0 days 00:00:00,0.0,0 days 00:00:00,0.0,0.6796034284397755,1.842440098470045e-17,-0.733579702590593,-0.7587883087245375,-0.289913306530443,-0.5832585852257481,-0.8167070320782828,-0.3120829908612372,-0.4853800887644524,-0.3570880740419376,0.9340706809418088,0.0002652959200626,0.4532965156836109,0.1735401101186998,-0.8743032077312123,0.5447278310495762,0.2084759883091836,-0.812286496489098,2025-07-02
-0.0783668625163094,-0.7330052563610455,-0.6756936650631169,-0.1899444714692118,-0.5526124623344412,0.8115051227385738,-0.2018133506135263,-0.4792914229598211,0.8541376372642128,0.9707492556049572,0.0179266288188865,0.239425392808724,0.1300663455954837,-0.8774727163030994,-0.4616539590289423,-0.0017879903316497,-0.0230175554752349,-0.0858531594276428,-0.0130615190057728,-0.0523749671322634,-0.0489034632308104,20250702_1127_a_lamina002.txt,2025-07-02 11:27:00,a,2,0 days 00:11:00,11.0,0 days 00:11:00,11.0,0.6802229738453984,-5.280003131795453e-18,-0.7330052563610454,-0.7842186148223244,-0.2821712789048889,-0.5526124623344411,-0.8251998727956785,-0.2988727184189716,-0.479291422959821,-0.3496688641421361,0.9367018316565514,0.0179266288188864,0.4435953734965506,0.1823863392804292,-0.8774727163030993,0.5125747258846295,0.2072897680360541,-0.8332455235114412,2025-07-02
0.0076802490688838,-0.7094976383952184,-0.7046659597893514,-0.2774634129162343,-0.3935076236631852,0.8764506857843335,-0.2760141626633804,-0.4052195500366091,0.8715579718397171,0.9542240398518986,-0.0068377681138953,0.2990145927809257,0.1152070474318095,-0.914193831304581,-0.3885575569033448,0.0059049576520919,-0.0171059072017669,-0.0680823475122451,-0.0103070051326982,-0.0408752656852222,-0.0336812664593242,20250702_1140_a_lamina002.txt,2025-07-02 11:40:00,a,2,0 days 00:13:00,13.0,0 days 00:24:00,24.0,0.7047078125802269,2.124948076815912e-17,-0.7094976383952184,-0.8794225645886375,-0.2678949477151388,-0.3935076236631852,-0.874514346588331,-0.2664991067139114,-0.4052195500366091,-0.2885972357462134,0.9574261749330156,-0.0068377681138953,0.3897900628938983,0.1109655156966438,-0.914193831304581,0.3785863024621842,0.1075519248634722,-0.9192959235448476,2025-07-02
-0.0716741842722166,-0.7070951981752135,-0.70347650424621,-0.1771244969191641,-0.4157272901112657,0.8920749592090772,-0.1770907403025698,-0.3317554638384999,0.9265943998926336,0.9841585141814132,-0.0677462174887707,0.1638367143841611,-0.0084195405647101,-0.9409297328861844,-0.3384971921706485,-0.0070005059242248,-0.0265417695045471,-0.0757388472557067,-0.0176158731332681,-0.0462974901493952,-0.0353998728603835,20250702_1207_a_lamina002.txt,2025-07-02 12:07:00,a,2,0 days 00:27:00,27.0,0 days 00:51:00,51.0,0.7071183640081451,1.2123824685459305e-17,-0.7070951981752135,-0.8695270145629986,-0.2666338148133173,-0.4157272901112657,-0.9038720919569738,-0.2700991551164605,-0.3317554638384999,-0.2627481440978724,0.9624831753278016,-0.0677462174887707,0.3376072483736795,0.0259342170941473,-0.9409297328861844,0.4181939546649168,0.0503244076866264,-0.9069626620058334,2025-07-02
-0.0021317350722319,-0.6456230342214468,-0.7636532939680638,-0.2328851766623173,-0.4885827879700701,0.8408634572808803,-0.2341151227325796,-0.333917511963747,0.9130658270419774,0.9721243254351936,-0.0927890991273673,0.2153241254023842,-0.0128220593150756,-0.9380241352369738,-0.3463326673992047,0.0012518465518951,-0.0360139161348342,-0.0979217290878295,-0.0130708029559669,-0.0568173554336787,-0.0586634990547164,20250702_1218_a_lamina002.txt,2025-07-02 12:18:00,a,2,0 days 00:11:00,11.0,0 days 01:02:00,62.0,0.7636562693271707,1.5404065428057494e-17,-0.6456230342214468,-0.8402100856139668,-0.2352315270790975,-0.4885827879700701,-0.9124087406839556,-0.2366630201942394,-0.333917511963747,-0.2180369569939166,0.971519463761774,-0.0927890991273673,0.3463671106042705,-0.0118552268884447,-0.9380241352369738,0.4964946096559393,0.0285667674067499,-0.8675696181762738,2025-07-02
-0.1273477277473862,-0.6839384799363273,-0.7183388559029531,-0.1001982790082916,-0.465793782757318,0.8792021706231196,-0.0864864470377511,-0.3398984432568164,0.9364769846346354,0.990713051228804,-0.1283366542555881,0.0449149562996002,-0.1049177992701888,-0.9316645058421374,-0.3478412050781593,-0.0189218670129776,-0.0379417240619659,-0.0810342282056808,-0.022546742180316,-0.056948301305279,-0.0440535341164734,20250702_1241_a_lamina002.txt,2025-07-02 12:41:00,a,2,0 days 00:23:00,23.0,0 days 01:25:00,85.0,0.729539687516989,7.148725366836158e-17,-0.6839384799363273,-0.848213015391969,-0.2521325692255799,-0.465793782757318,-0.9070019966463854,-0.2486290939352498,-0.3398984432568164,-0.2171632564419802,0.9676620397773164,-0.1283366542555881,0.3608150469852738,-0.0425881488555252,-0.9316645058421374,0.4830888123018148,-0.0077035257974414,-0.875537466427971,2025-07-02
-0.1258016945452348,-0.7020520750523609,-0.7009256861923536,-0.0052693335090136,-0.4063951169879194,0.913682244006496,0.0017626143975612,-0.3545670507502584,0.935028929880113,0.9922207908920704,-0.1157708732938138,-0.0457712466325964,-0.1244780916948834,-0.9278358213709208,-0.3516047401116045,-0.0380749553442001,-0.0368055403232574,-0.0915306210517883,-0.0422935410224235,-0.0570432484295667,-0.0551374618749965,20250702_1305_a_lamina002.txt,2025-07-02 13:05:00,a,2,0 days 00:24:00,24.0,0 days 01:49:00,109.0,0.7121256096466932,5.1039153185103606e-17,-0.702052075052361,-0.8983814850793939,-0.1665944661593488,-0.4063951169879195,-0.9206346819758806,-0.1634441460115142,-0.3545670507502584,-0.1302309777195275,0.9847014762551156,-0.1157708732938138,0.3680647698237166,-0.0604070674305848,-0.927835821370921,0.4194646584740592,-0.0510811756528562,-0.9063333348085368,2025-07-02
-0.2176391114121485,-0.6960997167417553,-0.6841625549061995,0.038309730938183,-0.4833667024328782,0.8745793248725982,0.0532844752790725,-0.3661335147049305,0.9290355289783316,0.9922958329465376,-0.0847916221152706,-0.0903291798700629,-0.1118469696110312,-0.926691227016246,-0.3587946838512988,-0.0145634114742279,-0.0310807526111602,-0.0856774747371673,-0.0150755576095598,-0.0528702926694756,-0.043442421204291,20250702_1324_a_lamina002.txt,2025-07-02 13:24:00,a,2,0 days 00:19:00,19.0,0 days 02:08:00,128.0,0.7179451123533387,-6.60382035961248e-17,-0.6960997167417553,-0.8450396983470448,-0.228614389741112,-0.4833667024328782,-0.9014729619577416,-0.2308522217110991,-0.3661335147049305,-0.2147274745734416,0.9729863783642468,-0.0847916221152706,0.3758172568183212,0.0021815702318332,-0.926691227016246,0.4896938021670763,0.0321398245316593,-0.8713019062289642,2025-07-02
-0.9093130687226416,-0.3730360884496537,-0.1843741298674916,-0.8358509752651196,0.12991244956879,-0.5333628245344674,-0.6294309471204953,0.0436203378878441,-0.7758311342873181,0.2382448660525262,0.9611709951212672,-0.1392469099736384,-0.7396323861261147,0.2724840990959714,0.6153830913611837,-0.0391644462943077,-0.0090508460998535,-0.0412971600890159,-0.0743589078571625,-0.0094007444533473,-0.0702826300603714,20250704_1011_a_lamina002.txt,2025-07-04 10:11:00,a,2,0 days 00:00:00,0.0,0 days 00:00:00,0.0,0.927816833601429,-2.0990398314341735e-16,-0.3730360884496536,0.92517023932236,0.3566269531586797,0.1299124495687899,0.7710497918070621,0.6352790604740849,0.043620337887844,-0.2058225669966078,0.1838134626530917,0.961170995121267,0.6025938013863174,-0.7500887455965755,0.2724840990959713,0.3188998262576092,-0.9159857134411192,0.243460620192731,2025-07-04
-0.7502554489035761,-0.3446423712283349,-0.5642148503403683,-0.4647245937290106,0.1608944117085436,-0.8707146721310992,-0.2125347201235538,0.0903673221984969,-0.9729659499800988,0.2797418963457972,0.959666118021579,0.0280252270329792,-0.9362550209055543,0.2662230061434695,0.2292418958852727,-0.0192922726273536,-0.0134713053703308,-0.0568519234657287,-0.0386184088572411,-0.011173011121303,-0.0990337143576237,20250704_1024_a_lamina002.txt,2025-07-04 10:24:00,a,2,0 days 00:13:00,13.0,0 days 00:13:00,13.0,0.938734060292962,-1.5257193923903001e-16,-0.3446423712283349,0.8947500070980423,0.4165758191242199,0.1608944117085436,0.7546516097297079,0.649872829875995,0.0903673221984969,-0.2404196681920618,0.1457371780562931,0.959666118021579,0.6104910573290815,-0.7459396623864121,0.2662230061434695,0.376325401673169,-0.8973434469884835,0.2305513613109982,2025-07-04
-0.3056653013460634,-0.3485041885570906,-0.8860663373084343,0.0393716268509773,0.1956484414583105,-0.979883443249268,0.3112695464635722,0.1240335908420465,-0.9421926224436222,0.2236328051539215,0.9540431130337074,0.1994745771569427,-0.92363393067998,0.2727955403150515,-0.2692265872473761,0.0201702415943145,-0.0082368552684783,-0.046451985836029,0.0238419732935464,-0.0082125958552002,-0.0908309016832746,20250704_1036_a_lamina002.txt,2025-07-04 10:36:00,a,2,0 days 00:12:00,12.0,0 days 00:25:00,25.0,0.937307223144132,4.124804686468806e-17,-0.3485041885570906,0.9134755096531524,0.3567690858508446,0.1956484414583105,0.7891765346763607,0.601511484062473,0.1240335908420465,-0.2614985681254581,0.1463565418465743,0.9540431130337074,0.5557147613520321,-0.7853430442804424,0.2727955403150515,0.3117386599898195,-0.9226568062068716,0.2269877217557969,2025-07-04
0.2224707501242698,-0.3451514330310947,-0.9117989107340096,0.5986817027296967,0.2373645219065931,-0.7650086944321127,0.8149617810293563,0.1535441137905986,-0.5588036332932341,0.0495027629752676,0.9422922458230232,0.3311114614742564,-0.5773965465079213,0.2975055101709265,-0.7603313090348593,0.0380626916885376,-0.007424421608448,-0.044757142663002,0.0692609324797939,-0.0037779665976111,-0.0773306789010193,20250704_1054_a_lamina002.txt,2025-07-04 10:54:00,a,2,0 days 00:18:00,18.0,0 days 00:43:00,43.0,0.9385470090925556,8.409713846362991e-17,-0.3451514330310947,0.8851163060872057,0.4002839097922805,0.2373645219065931,0.7360544503435348,0.6592784322649549,0.1535441137905986,-0.3099409515701248,0.1265777626663114,0.9422922458230232,0.6017976841674306,-0.74116800979849,0.2975055101709265,0.3471393542056933,-0.9076072176662088,0.2361004176232179,2025-07-04
-0.5667606207770381,-0.3169870652737669,-0.7604614383290917,-0.0876635051930991,0.2218925526001255,-0.9711224459139332,0.1794202524684574,0.1343731784657859,-0.974552318715192,0.3081441857632732,0.9331013592841856,0.1853888186549943,-0.9342673781013894,0.3335651393821108,-0.1260109677946668,-0.011306032538414,-0.0080876350402832,-0.0475144684314727,-0.0132194887763677,-0.0090598682632223,-0.0920042873364432,20250704_1107_a_lamina002.txt,2025-07-04 11:07:00,a,2,0 days 00:13:00,13.0,0 days 00:56:00,56.0,0.9484298605849166,-2.245173991392635e-16,-0.3169870652737669,0.8310423652730805,0.510031648255208,0.2218925526001255,0.6741891529583074,0.7262319429372147,0.1343731784657859,-0.3327869047710951,0.1362891386533755,0.9331013592841856,0.659334408359092,-0.6738044491859333,0.3335651393821108,0.4456696793974182,-0.8492896964306093,0.2829939017056825,2025-07-04
-0.4526327637112807,-0.3166792369951215,-0.8335693384903714,0.1826350046134469,0.2106391823036845,-0.9603518053131788,0.4224730979826043,0.1120415518690956,-0.8994238000718825,0.3100522823877075,0.914599310370827,0.2595682639603331,-0.851694818386935,0.3885290106594005,-0.3516548651858429,-0.0093569159507751,-0.0027623772621154,-0.0609051883220672,0.0006430335473888,-0.004795609443291,-0.10522811559805,20250704_1117_a_lamina002.txt,2025-07-04 11:17:00,a,2,0 days 00:10:00,10.0,0 days 01:06:00,66.0,0.9485326883435212,-7.781354532280258e-17,-0.3166792369951214,0.7568038940629057,0.6187721719741907,0.2106391823036844,0.5888114800663709,0.8004671958280455,0.1120415518690955,-0.3760629147927286,0.1486095070539054,0.9145993103708268,0.7154563054859792,-0.5806612461809213,0.3885290106594004,0.5346256167158652,-0.7713859044625703,0.3451655202184062,2025-07-04
-0.523842641052124,-0.3013639515899168,-0.7967237012274995,0.3939894505843005,0.1787770841185551,-0.9015603512923293,0.59964693878292,0.0643413242353864,-0.7976739577069757,0.3315974942320832,0.887189865612215,0.3208383458596922,-0.7283314153785192,0.4568964175287617,-0.5106652651415666,-0.0171269476413726,-0.0088207125663757,-0.0489086508750915,0.0002806313248564,-0.0112619419412497,-0.0886989133247588,20250704_1137_a_lamina002.txt,2025-07-04 11:37:00,a,2,0 days 00:20:00,20.0,0 days 01:26:00,86.0,0.9535091864697006,1.9746492191035459e-16,-0.3013639515899168,0.5368653316452348,0.8245085626429354,0.1787770841185551,0.3370760517118903,0.9392762795673912,0.0643413242353864,-0.4502572472776968,0.1008094917599078,0.887189865612215,0.8268301800468064,-0.3280206045557951,0.4568964175287617,0.7134732138989966,-0.556797159205747,0.4253620769991689,2025-07-04
-0.5743515300900236,-0.2959317745764204,-0.763246162570962,0.5552764816731066,0.1475254657067061,-0.8184767961700292,0.7242309565100509,0.0351270890482286,-0.6886621880483454,0.304607597289186,0.8796791102166012,0.365210726461091,-0.6186305305319533,0.4742686481979666,-0.6263908652193353,-0.0146166682243347,-0.0052299723029136,-0.0573382079601287,0.0060813073627786,-0.0141893093808007,-0.0927662381400941,20250704_1153_a_lamina002.txt,2025-07-04 11:53:00,a,2,0 days 00:16:00,16.0,0 days 01:42:00,102.0,0.9552090791005132,1.0536134767284881e-16,-0.2959317745764204,0.3201135580140573,0.9358223907043473,0.1475254657067061,0.1147975000706353,0.9927676574065708,0.0351270890482286,-0.4749719564103197,0.023797135799966,0.8796791102166012,0.8724810454108934,-0.1176693449254634,0.4742686481979666,0.819712724434197,-0.351667668949134,0.4521071775768972,2025-07-04
-0.5423859413639457,-0.2926507769285754,-0.7875106433400424,0.6895376124201232,0.0624123042889068,-0.7215556702925318,0.8166721051006491,-0.0336223779669384,-0.5761216958684361,0.2807793978255554,0.8953271741566916,0.3457631862609315,-0.5041920293967297,0.4441382520302002,-0.740629199111381,-0.0167498290538787,-0.0033435821533203,-0.0556311309337616,0.0119286771596904,-0.0109730536730324,-0.0879968229705303,20250704_1210_a_lamina002.txt,2025-07-04 12:10:00,a,2,0 days 00:17:00,17.0,0 days 01:59:00,119.0,0.9562193904973382,3.39081724720585e-17,-0.2926507769285754,0.2031304374599291,0.977160544460677,0.0624123042889068,0.0112427116116377,0.9993713709805108,-0.0336223779669384,-0.4440225658256473,0.0351171219521443,0.8953271741566916,0.8959450666604655,0.0048631893169335,0.4441382520302002,0.8726866484683643,-0.2095806720456623,0.4410146885194891,2025-07-04
0.4235577721982201,-0.8351958501111922,-0.3507801385020586,0.6922309679465143,-0.3185924148003439,0.6475454889407521,0.6913300421684752,-0.3134361419508813,0.6510150211126327,0.707709950536852,0.4753496464675555,-0.5226751759116711,0.1456344694997057,-0.8220708597937997,-0.5504453676537048,0.0006135404109954,-0.0847428143024444,-0.0553629398345947,0.0335832790183497,-0.100400888543523,-0.0240315685058423,20250627_1141_a_lamina001.txt,2025-06-27 11:41:00,a,1,0 days 00:00:00,0.0,0 days 00:00:00,0.0,0.5499526270116751,8.273837985655692e-17,-0.8351958501111922,0.1201080003780406,0.9402515309622604,-0.3185924148003439,0.1172011371088561,0.9423490215304192,-0.3134361419508813,0.8784395180269399,0.0488541377138861,0.4753496464675555,0.463257926676909,-0.3310462125578459,-0.8220708597937997,0.4625127905407438,-0.3369574628218796,-0.8200863288915721,2025-06-27
-0.0756228391540703,-0.7360977649853309,-0.6726375447310967,-0.0270143504233235,-0.3894695699315425,-0.9206430790314698,-0.164595490113366,-0.3239502475826228,-0.9316461569316424,-0.4240977236760696,-0.8295217940036813,0.3633658129842298,0.8905332365538735,-0.4549173885048487,0.0008510163403349,-0.0501677095890045,-0.0171158611774444,-0.0292398929595947,-0.0561571025418776,-0.0398418146195157,-0.0715351750348215,20250627_1141_a_lamina002.txt,2025-06-27 11:41:00,a,2,0 days 00:00:00,0.0,0 days 00:00:00,0.0,0.6768752325086216,-2.1206704850338953e-18,-0.7360977649853307,0.917897379444159,0.0760122023551803,-0.3894695699315424,0.9442026109632397,-0.0594782863014623,-0.3239502475826227,-0.3137092393745752,-0.4620390745423374,-0.8295217940036811,-0.1003391378337824,0.8848628295135365,-0.4549173885048486,-0.243003938117412,0.8835960834505634,-0.400258725539186,2025-06-27
0.3856659909554619,-0.8368584612865747,-0.3884966656142727,0.8488650697104031,-0.1513964622927852,0.5064654031923423,0.8484882858561703,-0.1501508386428942,0.5074666042408047,0.4765378835208672,0.633833524211464,-0.6092345272184827,0.2301722709935111,-0.7587554212264392,-0.6093528833321286,0.006496712565422,-0.0776928067207336,-0.054833710193634,0.0478545896283884,-0.0865648467640913,-0.0314439019014389,20250627_1238_a_lamina001.txt,2025-06-27 12:38:00,a,1,0 days 00:57:00,57.0,0 days 00:57:00,57.0,0.5474193235291082,-5.0725225003790264e-18,-0.8368584612865747,0.2386073386413462,0.9592422265266074,-0.1513964622927852,0.2376313482725528,0.9596801904660762,-0.1501508386428942,0.7680949856988456,-0.0910228352116426,0.633833524211464,0.5946103221963599,-0.2659488211987975,-0.7587554212264392,0.5942193457729091,-0.2675241938933954,-0.7585078607311232,2025-06-27
-0.1586894288961957,-0.7499856505834209,-0.6421364255947192,-0.3245603840835452,-0.281024979505253,-0.903153097751214,-0.4671961958394104,-0.1858396436215839,-0.8644023030116161,-0.4287102319320068,-0.8074268306166502,0.4053016780586481,0.7732627313080516,-0.559933513963001,-0.2975553869636004,-0.0413548499345779,-0.0081127285957336,-0.026513397693634,-0.0622496562400749,-0.0252439230594631,-0.0678646651904259,20250627_1238_a_lamina002.txt,2025-06-27 12:38:00,a,2,0 days 00:00:00,0.0,0 days 00:57:00,57.0,0.6614540981194107,4.869764414946187e-17,-0.7499856505834209,0.9546419105159368,-0.0984062171844552,-0.281024979505253,0.9512425796753704,-0.246173072189363,-0.1858396436215839,-0.290613044072748,-0.5134257218090287,-0.8074268306166502,0.103351890293877,0.8220662057971537,-0.559933513963001,-0.0648296328946335,0.8524730169362099,-0.5187358423074536,2025-06-27
0.4009809394575898,-0.8311946759361469,-0.385135945981562,0.8388106306602596,-0.1133072291155161,0.5325018288433397,0.8270029968817871,-0.0849522985028009,0.5557419816134409,0.4604671159702869,0.6694897488090082,-0.5828837888890525,0.3225462420468565,-0.7379475477422106,-0.5927877685333164,-0.0031899809837341,-0.0941688418388366,-0.0654130578041076,0.0370518607951406,-0.1011563543258406,-0.0361007425586918,20250627_1302_a_lamina001.txt,2025-06-27 13:02:00,a,1,0 days 00:24:00,24.0,0 days 01:21:00,81.0,0.5559814841300058,6.840503817335468e-17,-0.8311946759361469,0.236089659219622,0.9651026601557612,-0.1133072291155161,0.2114750727670775,0.973684446100096,-0.0849522985028009,0.7358662974584382,-0.1014113825192234,0.6694897488090082,0.6432566251994366,-0.2040939267060377,-0.7379475477422106,0.6346356947685593,-0.2414385778118589,-0.7341286999360636,2025-06-27
-0.1315688598156024,-0.7520284906349134,-0.6458659182835059,-0.3119250414862153,-0.0803566936582121,-0.946702471887627,-0.4573510469203062,0.005307581276798,-0.8892704028932313,-0.4307106360457276,-0.876190225904437,0.2162846180998932,0.7780220870116634,-0.4819362173675289,-0.4030125488263279,-0.0525063872337341,-0.0275184512138366,-0.0336747765541076,-0.0724773519579226,-0.0352173985344886,-0.0770801736956462,20250627_1302_a_lamina002.txt,2025-06-27 13:02:00,a,2,0 days 00:00:00,0.0,0 days 01:21:00,81.0,0.6591306010749114,1.2294346429562674e-16,-0.7520284906349134,0.9899138081878968,-0.1166767078008977,-0.0803566936582121,0.9626659725871872,-0.2706400835126882,0.005307581276798,-0.1259579756262293,-0.4652153011302122,-0.876190225904437,0.2396013639337367,0.8428099837985847,-0.4819362173675289,0.0648478275278212,0.8774743696832803,-0.4752194122864218,2025-06-27
0.4291225832879612,-0.8349320735800193,-0.3445899607063966,0.7658751924876184,-0.0073432017048031,0.6429473282631916,0.761098172787663,6.533502778183209e-05,0.6486366988620171,0.4579957553326611,0.7080681734296551,-0.5374749760437756,0.4593141185251615,-0.7061440770178039,-0.5388794698410099,0.0084636807441711,-0.0865999162197113,-0.0504431724548339,0.0459353204459332,-0.0886346079823395,-0.0206989619620014,20250627_1323_a_lamina001.txt,2025-06-27 13:23:00,a,1,0 days 00:21:00,21.0,0 days 01:42:00,102.0,0.55035300717573,-1.9583633497544716e-17,-0.8349320735800193,0.194604454045906,0.9808543132668672,-0.0073432017048031,0.1873174455752223,0.9822994300693184,6.533502778183209e-05,0.6936362617475004,-0.1323185480760162,0.7080681734296551,0.6955436082461881,-0.1325882027955247,-0.7061440770178039,0.6935400802076604,-0.1428867312973374,-0.7061058979818214,2025-06-27
-0.0591473573995472,-0.7368995807683236,-0.673409680637366,-0.2978269617669141,0.1377587707388207,-0.9446277689805748,-0.4536413951392952,0.215957281560733,-0.8646224246206966,-0.4446049659854305,-0.8956757677717423,0.0095573661431544,0.7723573711936517,-0.3887510405997625,-0.5023312847070481,-0.0420734286308288,-0.0175081193447113,-0.0284705162048339,-0.0628999033487569,-0.0172034352658243,-0.0711475596063252,20250627_1323_a_lamina002.txt,2025-06-27 13:23:00,a,2,0 days 00:00:00,0.0,0 days 01:42:00,102.0,0.6760022247474257,8.561049301455545e-17,-0.7368995807683236,0.9670636250132176,-0.2140337970060424,0.1377587707388207,0.900998219041114,-0.3762507964451888,0.215957281560733,0.0293803558856312,-0.4437360856573801,-0.8956757677717423,0.4328267597697423,0.8133471733889701,-0.3887510405997625,0.252833423155105,0.8702228565285117,-0.4228326384174112,2025-06-27
0.449166732287457,-0.8387283266071711,-0.3078701686635817,0.7063871408655094,0.1371038887987592,0.6944204280521338,0.6981710739416288,0.1462027981848989,0.7008437010590155,0.3929080437134201,0.7400857742619865,-0.5457987870271693,0.5984817630441932,-0.6564280528267679,-0.4592622244051564,0.0187932401895523,-0.0900391638278961,-0.0498081296682357,0.0533888723743618,-0.084929680746588,-0.0179161259215155,20250627_1351_a_lamina001.txt,2025-06-27 13:51:00,a,1,0 days 00:28:00,28.0,0 days 02:10:00,130.0,0.5445500841490472,1.2676610103032567e-17,-0.8387283266071711,0.1900546386772136,0.97215315562597,0.1371038887987592,0.1796461964761395,0.9728062427300528,0.1462027981848989,0.6326624432369946,-0.2280598159528171,0.7400857742619865,0.7533030446035998,-0.0404565749045214,-0.6564280528267679,0.7507446085285401,-0.0539162531527914,-0.658388616556585,2025-06-27
-0.0402835830852202,-0.7406861927027594,-0.6706423762880682,-0.1699041339099254,0.4455026295431203,-0.879010803318414,-0.438574312703171,0.5232916053027862,-0.7306288168807566,-0.4301590642456543,-0.836043250183701,-0.3405801862551267,0.789060043142627,-0.1649168870731757,-0.5917657211040945,-0.0314997285604476,-0.0221680700778961,-0.0285678952932357,-0.0519039383773475,-0.0054194215996838,-0.0681495607557663,20250627_1351_a_lamina002.txt,2025-06-27 13:51:00,a,2,0 days 00:00:00,0.0,0 days 02:10:00,130.0,0.6718511471594663,9.01809527173821e-17,-0.7406861927027594,0.8876166152823177,-0.1168937609324262,0.4455026295431203,0.7556108117826547,-0.3939774066323989,0.5232916053027862,0.3657593722510162,-0.4089642593587076,-0.836043250183701,0.5433897153311794,0.823122128016489,-0.1649168870731757,0.279922892749601,0.9050326420755532,-0.3202484830447114,2025-06-27
-0.7379209032476017,-0.3742442828947867,-0.5616172693844185,-0.5619985733137374,-0.6919762877199042,-0.4531295850269591,-0.6698238371326413,-0.643345419999258,-0.3707326499984636,0.243293646318077,-0.6618869374814911,0.7090231897848104,0.7015299201532029,-0.3847237353703971,-0.5998695012854792,-0.0472809970378875,-0.0636379122734069,-0.0239882916212081,-0.0783290452544213,-0.0948780393574306,-0.0459353322316248,20250718_1055_a_lamina001.txt,2025-07-18 10:55:00,a,1,0 days 00:00:00,0.0,0 days 00:00:00,0.0,0.9273301551877664,-1.55786152442486e-16,-0.3742442828947867,0.7216371551383153,0.020214686672309037,-0.6919762877199042,0.7575369630196483,-0.1106545083805747,-0.643345419999258,-0.6230047969330128,-0.4168581353288292,-0.6618869374814911,-0.1949429984826944,0.902211103226526,-0.3847237353703971,-0.30183578204436723,0.908746753200754,-0.2882264721096128,2025-07-18
-0.8517610461061376,-0.4269676291001705,-0.3036474337727181,-0.7979558313692466,-0.5956505955914423,-0.0920155375758598,-0.7800976248639055,-0.6132923050284758,-0.1237749743468053,0.4272931418493486,-0.6667473666014894,0.6106296095494319,0.4570210789561086,-0.423462510410117,-0.7821836329577321,-0.0468300282955169,-0.0627142935991287,-0.0471608936786651,-0.0853365285197731,-0.0902593823708785,-0.0579848582371139,20250718_1108_a_lamina001.txt,2025-07-18 11:08:00,a,1,0 days 00:13:00,13.0,0 days 00:13:00,13.0,0.9042669095463899,-1.8685708760360216e-16,-0.4269676291001705,0.7825211428787641,-0.18127611237907992,-0.5956505955914423,0.7763644947450875,-0.1453640942325988,-0.6132923050284758,-0.6075283322005913,-0.43169117978428406,-0.6667473666014894,-0.16783175168236975,0.8902314336195892,-0.423462510410117,-0.136271737793574,0.8836185242383616,-0.4479378495969493,2025-07-18
-0.864593245432993,-0.3939716228587906,-0.3118731798883243,-0.6944295440506241,-0.696225758403536,-0.1817616617580934,-0.75821564112564,-0.6478293226224148,-0.0736628149273301,0.4952000931109034,-0.6456744699688494,0.5812756201780684,0.4241295902614995,-0.404254434213193,-0.8103656230884821,-0.0468787252902984,-0.0724760293960571,-0.0141943395137786,-0.0830942879085837,-0.1029611623965277,-0.0219438250090897,20250718_1123_a_lamina001.txt,2025-07-18 11:23:00,a,1,0 days 00:15:00,15.0,0 days 00:28:00,28.0,0.9191226035638612,1.0657683062739101e-16,-0.3939716228587906,0.7149053652926626,-0.06465301239065274,-0.696225758403536,0.7382274960912134,-0.18798226715698738,-0.6478293226224148,-0.6630572780333376,-0.3787605112435386,-0.6456744699688494,-0.12399681472489074,0.9062025945433242,-0.404254434213193,-0.22195802468661952,0.9232336990769712,-0.31364657206139945,2025-07-18
-0.8394929457541613,-0.3897158033518419,-0.3786465193908814,-0.7068380468966892,-0.6981690326754139,-0.1137540209062998,-0.7645319539823036,-0.6445857562301213,-0.000306928726896,0.5306874282147105,-0.6297092594797857,0.5673068852572446,0.3658712135094223,-0.4335613582766139,-0.8235064078284275,-0.0436903238296508,-0.062844693660736,-0.0232516676187515,-0.0825678996172552,-0.0930015350578353,-0.0283534867534038,20250718_1137_a_lamina001.txt,2025-07-18 11:37:00,a,1,0 days 00:14:00,14.0,0 days 00:42:00,42.0,0.9209351728638823,-1.727908813039776e-16,-0.3897158033518419,0.6910998048473697,-0.1869252833433846,-0.6981690326754139,0.697047326001968,-0.3140608669967476,-0.6445857562301213,-0.7170071785426343,-0.2989430622104335,-0.6297092594797857,0.005072596163441119,0.9011097698823937,-0.4335613582766139,-0.09100420681627257,0.9357841546015003,-0.34062626196242834,2025-07-18
-0.8642743820109359,-0.3862360391524926,-0.3222600109529714,-0.7568584654845114,-0.6530734581716883,0.0256967207266391,-0.7739037814489268,-0.6288564667290162,0.0749164955944256,0.5706609665932899,-0.6411604999979721,0.5130879792483571,0.2746251959778349,-0.4398326471459886,-0.8550603746161368,-0.0453920662403106,-0.0644542574882507,-0.0273370444774627,-0.0848833119178996,-0.0938158286782043,-0.0279628498568861,20250718_1150_a_lamina001.txt,2025-07-18 11:50:00,a,1,0 days 00:13:00,13.0,0 days 00:55:00,55.0,0.922399979433973,-6.051779499149268e-17,-0.3862360391524925,0.7001868727489277,-0.2885019955940493,-0.6530734581716882,0.6989620946788299,-0.3405752992442053,-0.6288564667290161,-0.7139585935991802,-0.28138290614077965,-0.641160499997972,0.04141396899674057,0.8971243646655066,-0.43983264714598846,0.0012123761617348627,0.9151995731369303,-0.40299909612060186,2025-07-18
-0.861491893280281,-0.370830741546534,-0.3468663704316186,-0.6920797068947583,-0.6335356731934536,0.3459165074057366,-0.6708737905934195,-0.5542765452061476,0.4926518735670801,0.7185914886258321,-0.6499965819920825,0.2472462656403944,-0.1831792279963184,-0.5198864826411124,-0.8343640785638637,-0.047715812921524,-0.0680713653564453,-0.0305213034152984,-0.0825552797144541,-0.0952679521761299,-0.0122030123764018,20250718_1217_a_lamina001.txt,2025-07-18 12:17:00,a,1,0 days 00:27:00,27.0,0 days 01:22:00,82.0,0.928700469001738,4.632167461325855e-17,-0.370830741546534,0.5127963961397829,-0.5793724250405506,-0.6335356731934536,0.43831997326054134,-0.7075684507347794,-0.5542765452061476,-0.758933779321156,0.039037955939274525,-0.6499965819920825,0.4815548978529707,0.7055656776805882,-0.5198864826411124,0.40132203367290664,0.8141275275401973,-0.4196867810521646,2025-07-18
-0.8469949645566535,-0.3705749178327787,-0.3811479506555198,-0.6104471310618934,-0.6449767878975629,0.4597382334020586,-0.5771493169254498,-0.5725118339371539,0.5823477191287038,0.770506532000866,-0.6180418769929621,0.1560253903280325,-0.2705888950354121,-0.5387526689353228,-0.7978265548341829,-0.0523086786270141,-0.065469354391098,-0.0369529724121093,-0.082427131185143,-0.0942632964076675,-0.0130209081955177,20250718_1229_a_lamina001.txt,2025-07-18 12:29:00,a,1,0 days 00:12:00,12.0,0 days 01:34:00,94.0,0.9288025787395454,2.150980678834124e-17,-0.3705749178327787,0.36801939234726,-0.6697512000210942,-0.6449767878975629,0.2873397766407208,-0.7678971628818391,-0.5725118339371539,-0.766668748382301,0.17390591863686725,-0.6180418769929621,0.5741558002963804,0.6165149460484229,-0.5387526689353228,0.5260995695781074,0.7219349427291712,-0.4494765637453846,2025-07-18
-0.8879510121227627,-0.3628148816919047,-0.2826806708868693,-0.3870540707518947,-0.6795578561610084,0.6232096488696574,-0.3086154096385806,-0.5907208153735305,0.7455236060769923,0.8160924790874121,-0.567065262384249,-0.1114901510181266,-0.4886200922092469,-0.5740086292744336,-0.6570878929092462,-0.0599689111113548,-0.0621411204338073,-0.0545138120651245,-0.0801436895799633,-0.0892541433133562,-0.0219363939617836,20250718_1245_a_lamina001.txt,2025-07-18 12:45:00,a,1,0 days 00:16:00,16.0,0 days 01:50:00,110.0,0.9318612351755434,7.379611019042264e-18,-0.3628148816919047,0.17976467514841826,-0.7112564809536979,-0.6795578561610084,0.06791810822079518,-0.8040124680999292,-0.5907208153735305,-0.7438167893890207,0.35379877334452714,-0.567065262384249,0.6649238410515279,0.477902060175271,-0.5740086292744336,0.6437555789209077,0.6074048454542244,-0.4654439905369249,2025-07-18
-0.7971735866825445,-0.3350114061394126,-0.5022764482356118,-0.4304804793677825,-0.6704742271221937,0.604277144734253,-0.385191015436766,-0.5984310223567821,0.702501382993521,0.843516031364646,-0.5370807711154575,0.0049950103966974,-0.3743108153094571,-0.5944952117376912,-0.711664848621405,-0.0525955557823181,-0.0621866881847381,-0.0407122373580932,-0.0757538212092081,-0.0900043884194794,-0.0110983695063047,20250718_1257_a_lamina001.txt,2025-07-18 12:57:00,a,1,0 days 00:12:00,12.0,0 days 02:02:00,122.0,0.9422140721494736,-1.2922915683533944e-16,-0.3350114061394126,0.042085435676944734,-0.7407382310025444,-0.6704742271221937,-0.04859383610406268,-0.799699287591097,-0.5984310223567821,-0.7163314539427309,0.44543629554664577,-0.5370807711154575,0.6960660077787052,0.4025761493630406,-0.5944952117376912,0.6964898162903568,0.5028850561916732,-0.5118677134406142,2025-07-18
-0.8968688261053426,-0.1219605040095633,-0.4251493199126138,-0.2911023445446573,-0.6130703579070977,-0.7344413940242386,-0.4254371308653242,-0.7005223810392447,-0.5729499466307579,0.7220830825313012,-0.6443937570747669,0.2516996379917155,0.5455265984378538,0.3066350917722459,-0.7799843914404,-0.0338532626628875,-0.0074855685234069,0.0155624896287918,-0.0560065562417814,-0.0270687762556275,-0.0127760910878684,20250718_1055_a_lamina002.txt,2025-07-18 10:55:00,a,2,0 days 00:00:00,0.0,0 days 00:00:00,0.0,0.9925349542770436,-1.0254558316825289e-16,-0.12196050400956329,0.5776399861211591,0.5389589805259861,-0.6130703579070976,0.6298524576902172,0.335491095566932,-0.7005223810392446,-0.7602994063261654,0.08186268126042985,-0.6443937570747668,-0.15884172714269199,0.9384797420361043,0.30663509177224585,-0.29711421907075986,0.8383446300461659,0.4570573509951782,2025-07-18
-0.9835483542879372,-0.0965364652937658,-0.1526870840840049,-0.4990284776264984,-0.6111439701354204,-0.6143888233723785,-0.5855287579284753,-0.677341881576236,-0.4453807911231708,0.7196214896970461,-0.6872550540961726,0.0991231667445658,0.3732304719673101,0.2624661236846221,-0.8898373720590901,-0.0251015126705169,-0.0055853873491287,-0.0149343311786651,-0.0522019896490735,-0.0241017661021871,-0.0377098367231911,20250718_1108_a_lamina002.txt,2025-07-18 11:08:00,a,2,0 days 00:00:00,0.0,0 days 00:13:00,13.0,0.995329448408207,-9.184241902804673e-17,-0.0965364652937658,0.5873712234495441,0.5305639392481383,-0.6111439701354204,0.646921219483861,0.35028689847648964,-0.677341881576236,-0.7263096257759662,0.012442593155873516,-0.6872550540961726,-0.23230855190175345,0.9365598062223677,0.2624661236846221,-0.35702853298939735,0.847553590190647,0.39266211733038814,2025-07-18
-0.9768461912062024,-0.1134418418054224,-0.1813903725497274,-0.473712187322822,-0.5964613561339258,-0.6479433726960295,-0.5811289639479239,-0.6684223071233336,-0.4642205796824745,0.6997557972554881,-0.7016441508670241,0.1343030519438369,0.4154888102803118,0.2467936484069483,-0.8754781228779155,-0.0224646627902984,-0.0177885293960571,0.0197412073612213,-0.0502042791162753,-0.0358566389594915,-0.0036583139740967,20250718_1123_a_lamina002.txt,2025-07-18 11:23:00,a,2,0 days 00:00:00,0.0,0 days 00:28:00,28.0,0.9935446384173151,-8.367878296661412e-17,-0.1134418418054224,0.5840448564073341,0.5505683030678525,-0.5964613561339258,0.6561142134131109,0.35032236339864853,-0.6684223071233336,-0.7125146053606883,-0.0042921674938475015,-0.7016441508670241,-0.24867061769537105,0.9366193565162905,0.2467936484069483,-0.38886314154447604,0.8347790851208421,0.38978113883687443,2025-07-18
-0.9681847897423692,-0.1181588930840047,-0.2205826124078851,-0.453240673409733,-0.5783932493993137,-0.6782581669367461,-0.5633936602550579,-0.681910365322426,-0.4664609707684491,0.7469654686955182,-0.6616687525648971,0.0650926298108921,0.3530299876227135,0.3117574626934351,-0.8821434760253336,-0.0226942300796508,-0.007180631160736,0.0121487230062484,-0.0502962263722599,-0.0258814916684572,-0.0116030906302251,20250718_1137_a_lamina002.txt,2025-07-18 11:37:00,a,2,0 days 00:00:00,0.0,0 days 00:42:00,42.0,0.9929947008847342,5.62922216934949e-17,-0.11815889308400469,0.5925839119921825,0.5606296070467064,-0.5783932493993136,0.6529363665656769,0.3296549027116803,-0.6819103653224259,-0.7427621788201078,0.10246368914702977,-0.661668752564897,-0.1482512965556054,0.9385248198766687,0.311757462693435,-0.3116867866343509,0.8217028879765702,0.47713280219297033,2025-07-18
-0.959249767277428,-0.1012412025485617,-0.263799361039259,-0.5088826653603651,-0.6126084985278297,-0.604772073121113,-0.5619559781474911,-0.6724072671727552,-0.481740537714612,0.7621948799226581,-0.6471911759210702,0.0142318947996098,0.3213478545812643,0.3591824729342585,-0.8761983265750108,-0.0246401131153106,-0.0104991793632507,0.0092840492725372,-0.052032696806249,-0.0279088842238654,-0.0149500772066731,20250718_1150_a_lamina002.txt,2025-07-18 11:50:00,a,2,0 days 00:00:00,0.0,0 days 00:55:00,55.0,0.9948619094660932,4.6043439804668575e-18,-0.1012412025485617,0.6510291112962341,0.4481873757440229,-0.6126084985278297,0.6695793465964105,0.31548687082791743,-0.6724072671727552,-0.7386850566374191,0.18838250691206795,-0.6471911759210702,-0.07751055226288255,0.9300430449311117,0.3591824729342585,-0.1746581900324423,0.8738650395302532,0.45371181309437003,2025-07-18
-0.9722772864214742,-0.1248491146049355,-0.1977108416128426,-0.9005295497181738,-0.2625029381169289,-0.3466103540928387,-0.9225952283713186,-0.3208733869034734,-0.214145544346756,0.376652773493867,-0.8692253487122852,-0.3202810974368983,0.0833710549642521,0.3761483254423713,-0.9228010102189138,-0.024034172296524,-0.0175342559814453,0.0029259622097015,-0.0634670408821697,-0.0219935187792572,-0.0079855452608668,20250718_1217_a_lamina002.txt,2025-07-18 12:17:00,a,2,0 days 00:00:00,0.0,0 days 01:22:00,82.0,0.9921757397670857,-1.3020312763711266e-16,-0.1248491146049355,0.9515381337416952,0.16021044758489292,-0.2625029381169289,0.9467650167773891,0.026005241464061746,-0.3208733869034734,-0.3052764536249479,0.38891333227106173,-0.8692253487122852,0.10218752305778538,0.9209072414734368,0.3761483254423713,-0.03716808977533072,0.9072370321291272,0.41897434364885155,2025-07-18
-0.9637349365881824,-0.1102503696523212,-0.2430222787953786,-0.962183919871788,-0.1863601879170828,-0.1986755765051913,-0.9655425453507464,-0.2437412715086385,-0.0912018951609791,0.2583512100346287,-0.8555257115889869,-0.4486985726340133,-0.0313407943620647,0.4567996818885821,-0.8890173256102746,-0.0303360223770141,-0.006631463766098,0.0025978088378906,-0.0702866679181026,-0.0160151850197181,-0.006510228522048,20250718_1229_a_lamina002.txt,2025-07-18 12:29:00,a,2,0 days 00:00:00,0.0,0 days 01:34:00,94.0,0.9939038464517215,8.299615777096825e-18,-0.11025036965232123,0.9815565699135987,-0.04262136106414442,-0.18636018791708284,0.9585345499068346,-0.14765401856453012,-0.24374127150863856,-0.14079665543708,0.49824899260097855,-0.8555257115889872,0.24776565228585376,0.8543689087120714,0.4567996818885822,0.1293174461439089,0.8659857741055279,0.48305862705231484,2025-07-18
-0.9830701216092276,-0.1377607487556606,-0.1208102317748725,-0.9630041729401472,-0.1969379827529917,0.1839521509769476,-0.93031216365627,-0.2526021036376451,0.2659162563496747,0.0566489790453938,-0.8152871528303641,-0.5762792305843351,-0.3623674534589222,0.5210556934413006,-0.7727812064265676,-0.0372638329863548,-0.0035473704338073,-0.0176485776901245,-0.0759250408881102,-0.0135878704569338,-0.0116114932598498,20250718_1245_a_lamina002.txt,2025-07-18 12:45:00,a,2,0 days 00:00:00,0.0,0 days 01:50:00,110.0,0.9904655350401043,-1.4019571017860353e-16,-0.1377607487556606,0.9333765736432419,-0.30003933529319904,-0.1969379827529917,0.8909312399871363,-0.37740389883097447,-0.2526021036376451,0.014064607199260976,0.5788860382269461,-0.8152871528303641,0.4539203811675729,0.7228120446513677,0.5210556934413006,0.35862286402059323,0.7582000738741237,0.544538602285404,2025-07-18
-0.9244913819299104,-0.1410382804808714,-0.3541523516459034,-0.94918329750514,-0.2832449785423576,0.1371982137923396,-0.9131503980080018,-0.3434181497964078,0.2195912680600946,0.1395889937719102,-0.7695909354982983,-0.6230928540888587,-0.3829768445161847,0.5383249635575768,-0.750689663026713,-0.0379471182823181,-0.0053019225597381,0.0012799501419067,-0.0767462228454922,-0.0172854832784548,0.005634100594849,20250718_1257_a_lamina002.txt,2025-07-18 12:57:00,a,2,0 days 00:00:00,0.0,0 days 02:02:00,122.0,0.9900041431423403,-4.918997535437744e-17,-0.1410382804808714,0.8372921609480188,-0.46766881374059643,-0.2832449785423576,0.7741693958443178,-0.5317195886258628,-0.3434181497964078,0.09254605493277734,0.6317950773116499,-0.7695909354982983,0.6261764721341931,0.5640117546260096,0.5383249635575768,0.5388664629863105,0.6181592520857632,0.572277969285376,2025-07-18
0.2229572533047216,-0.5421366395877318,-0.8101715418448958,0.1934146440866868,0.0026714386979154,0.9811134689056632,0.1100553937418588,0.0675166527814428,0.991629624358568,0.6000210111190418,0.790865930762985,-0.1204402996263305,0.7923778117312519,-0.6082537144609867,-0.0465276511378473,0.0056975185871124,-0.0716945528984069,-0.0418105572462081,0.0149051993696774,-0.0721309663453995,-0.002781621329837,20250718_1055_a_lamina003.txt,2025-07-18 10:55:00,a,3,0 days 00:00:00,0.0,0 days 00:00:00,0.0,0.8402903450692039,2.4453737333872562e-17,-0.5421366395877318,-0.8946276943973525,0.4468043775888515,0.0026714386979154,-0.926884924926107,0.36922328954430195,0.0675166527814428,0.2753290468828307,0.546557403664967,0.790865930762985,0.2551043940964509,0.7516310045208986,-0.6082537144609867,0.3519022653520004,0.7082660888864084,-0.6119836133212074,2025-07-18
-0.0454661391788327,-0.5450322180634944,-0.8371814089317551,0.6101552113078154,-0.1936145655376046,0.7682603843265641,0.517427609269843,-0.0965377127023521,0.8502641584775246,0.57680770541835,0.7733114444915759,-0.2632152746106702,0.6321088040324329,-0.6266337685159895,-0.4558163884944646,-0.0041054189205169,-0.0693060904741287,-0.0854909718036651,0.0200426566364083,-0.0781374265681819,-0.049785890517844,20250718_1108_a_lamina003.txt,2025-07-18 11:08:00,a,3,0 days 00:00:00,0.0,0 days 00:13:00,13.0,0.8384151008139031,1.6600980923397356e-16,-0.5450322180634944,-0.800217830146041,0.5675956521398368,-0.1936145655376046,-0.8770724443567016,0.47055753885827695,-0.0965377127023521,0.23154844759891335,0.5902327729234338,0.7733114444915759,0.42086725195089003,0.6558970013582583,-0.6266337685159895,0.5532058755390215,0.573986454055379,-0.6037406809467432,2025-07-18
-0.0260051145849939,-0.5537898954973195,-0.8322502542267496,0.5927465700342538,-0.2168531567038842,0.7756456743514967,0.5098970776928253,-0.1383213618229242,0.8490419135848174,0.5674178805727154,0.7959104624611595,-0.2111006502861393,0.6465616126609163,-0.589401167803657,-0.4843184328775858,0.0031701028347015,-0.0805326700210571,-0.0486181676387786,0.0245007717872779,-0.0911623262573673,-0.0152618052730709,20250718_1123_a_lamina003.txt,2025-07-18 11:23:00,a,3,0 days 00:00:00,0.0,0 days 00:28:00,28.0,0.8326564427451865,1.7295069577389457e-16,-0.5537898954973195,-0.7937796649521398,0.568232832504449,-0.2168531567038842,-0.8645525854441571,0.48313148092964814,-0.1383213618229242,0.19327635577480673,0.5737340725835215,0.7959104624611595,0.46388907866022633,0.661372199363907,-0.589401167803657,0.5766785012525426,0.589864952358332,-0.5652444110050304,2025-07-18
0.0495746846927136,-0.5326117902247341,-0.844906522374648,0.4942462161317643,-0.1237970356319262,0.8604620687794327,0.4222188526357078,-0.0683270176301899,0.9039151835989648,0.5277445491882996,0.8292732808496518,-0.1838246895030511,0.7370325171123897,-0.5546505605609883,-0.3861940242784146,0.0070909261703491,-0.066750943660736,-0.0562106519937515,0.02455801905248,-0.0768702346349977,-0.0204560835595216,20250718_1137_a_lamina003.txt,2025-07-18 11:37:00,a,3,0 days 00:00:00,0.0,0 days 00:42:00,42.0,0.8463596640398239,2.6418762353472674e-17,-0.5326117902247341,-0.8300347283674089,0.5437983483542309,-0.1237970356319262,-0.8776321691183024,0.4744398743681514,-0.0683270176301899,0.21442119286817937,0.5160710975416486,0.8292732808496518,0.42870191016333314,0.7131461476385406,-0.5546505605609883,0.5148455125113056,0.6617809143586486,-0.5449588238001128,2025-07-18
0.0350840022505004,-0.4926199880810323,-0.8695370378133013,0.429406315441063,-0.1270717298643958,0.8941269438556252,0.3504807504104844,-0.0676451505170064,0.934123855387087,0.5469797503304897,0.82440000383812,-0.1455258959776675,0.7602475888288623,-0.5619508584237944,-0.3259368595244511,0.0063657462596893,-0.0712901949882507,-0.0566339194774627,0.0217707817391047,-0.0793915440881177,-0.0210036204631056,20250718_1150_a_lamina003.txt,2025-07-18 11:50:00,a,3,0 days 00:00:00,0.0,0 days 00:55:00,55.0,0.87024453307277,1.1091562328393375e-17,-0.4926199880810323,-0.8760884706278458,0.46510403900872777,-0.1270717298643958,-0.9192347579631126,0.3878551190380623,-0.0676451505170064,0.16745913334331125,0.540668172108933,0.82440000383812,0.3563213415056766,0.7464893397124674,-0.5619508584237944,0.4521354114564233,0.7009680167926017,-0.5515590713069433,2025-07-18
-0.0196233227752513,-0.5432676948843808,-0.839330171564367,0.4841718170855746,-0.143442779731528,0.8631348796584142,0.4142186740852945,-0.0882303561589434,0.9058908843183524,0.5448503447829359,0.8212972787314651,-0.1691416026239738,0.7290822942774955,-0.5636365710281371,-0.3882690097995295,0.0018447339534759,-0.0758838653564453,-0.0664099752902984,0.0220189297196366,-0.085151540514172,-0.0288162782199444,20250718_1217_a_lamina003.txt,2025-07-18 12:17:00,a,3,0 days 00:00:00,0.0,0 days 01:22:00,82.0,0.8395595343363158,4.357635201954108e-17,-0.5432676948843808,-0.8742157958487595,0.4638651864835433,-0.143442779731528,-0.9153250801947215,0.392931803012422,-0.0882303561589434,0.15636041376499085,0.5486549015141771,0.8212972787314651,0.37112183791009606,0.7379582625229398,-0.5636365710281371,0.45967179954371895,0.6955622817642261,-0.5521729338632805,2025-07-18
0.0315279186927942,-0.4772308407183609,-0.878212226634398,0.422648555116885,-0.1322954211230438,0.8965858131866051,0.3830103121108913,-0.1017792814770219,0.9181198607364612,0.5548867732790586,0.8199615996049261,-0.1405832280653906,0.7385145696983048,-0.5632973930663555,-0.3705297252690742,0.0018905401229858,-0.075723260641098,-0.0704002380371093,0.0204119290024408,-0.083512349142345,-0.0320083417557636,20250718_1229_a_lamina003.txt,2025-07-18 12:29:00,a,3,0 days 00:00:00,0.0,0 days 01:34:00,94.0,0.8787779723384324,-3.3019900660914826e-17,-0.4772308407183609,-0.8808452401535187,0.45454327016112156,-0.1322954211230438,-0.9037875256732381,0.41570312279253724,-0.1017792814770219,0.16040039606741813,0.5494858397763734,0.8199615996049261,0.39678687147996916,0.7247456281936346,-0.5632973930663555,0.445402487465332,0.7010390341746224,-0.5569209070624009,2025-07-18
-0.0572781206000567,-0.5570476085601843,-0.8285029744653335,0.5784777532410108,-0.1809734406783253,0.7953691613171088,0.4827479570378652,-0.0961432742911025,0.870465898691243,0.5480293858931115,0.8084524953441808,-0.2146354000843905,0.6830945777660563,-0.5806556927994017,-0.4429681300570735,-0.0135821923613548,-0.0709301829338073,-0.0869845151901245,0.0070774404260866,-0.0773205654337535,-0.0572505894196777,20250718_1245_a_lamina003.txt,2025-07-18 12:45:00,a,3,0 days 00:00:00,0.0,0 days 01:50:00,110.0,0.8304805607582754,-2.917128261562126e-17,-0.5570476085601843,-0.8333727087264807,0.5222437573767033,-0.1809734406783253,-0.9016881518036404,0.4215625074713369,-0.0961432742911025,0.17632679325354647,0.5615277595566298,0.8084524953441808,0.3948003785178736,0.7120194010992893,-0.5806556927994017,0.5238308795124713,0.6418317794627926,-0.5600474770417379,2025-07-18
0.1210978519669177,-0.4711101645576906,-0.8737222230774632,0.3894668446110169,-0.2197817682246627,0.8944336483522849,0.2617523346331035,-0.1157230252640132,0.9581721644557748,0.6085942627725962,0.790316204970393,-0.0708047984353887,0.7490652432428033,-0.6016714033298743,-0.2772954809957414,0.0016036629676818,-0.0695109069347381,-0.0651262998580932,0.0143116420325132,-0.0776575351581052,-0.0285641257733299,20250718_1257_a_lamina003.txt,2025-07-18 12:57:00,a,3,0 days 00:00:00,0.0,0 days 02:02:00,122.0,0.8820743805657353,2.5864712240052895e-17,-0.47111016455769056,-0.832495505501412,0.5085736993553531,-0.21978176822466267,-0.9131641116605611,0.3908189946751855,-0.11572302526401318,0.1536867942448625,0.5931110059979777,0.7903162049703929,0.37750718463350513,0.7039032944695913,-0.6016714033298742,0.5322890216740203,0.6241571331708691,-0.5719233082479123,2025-07-18
